is_holiday,vol_sum_mean,vol_sum_median,vol_sum_q25,vol_sum_q75,vol_sum_count,occ_mean_mean,occ_mean_median,occ_mean_q25,occ_mean_q75,occ_mean_count,dur_mean_mean,dur_mean_median,dur_mean_q25,dur_mean_q75,dur_mean_count,dur_sum_mean,dur_sum_median,dur_sum_q25,dur_sum_q75,dur_sum_count
False,182.90217391304344,167.41666666666663,111.99999999999997,243.24999999999994,161,1.2102743271221532,1.0833333333333333,0.7083333333333334,1.6666666666666667,161,1.0958635265700478,0.9999999999999994,0.6666666666666663,1.4479166666666659,161,26.300724637681146,23.999999999999986,15.999999999999991,34.74999999999998,161
True,153.24166666666662,141.16666666666663,98.0,190.09374999999994,20,1.0854166666666667,1.0625,0.78125,1.4270833333333335,20,0.9628472222222217,0.9670138888888884,0.583333333333333,1.264756944444444,20,23.10833333333332,23.20833333333332,13.999999999999993,30.354166666666654,20
