dow,vol_sum_mean,vol_sum_median,vol_sum_q25,vol_sum_q75,occ_mean_mean,occ_mean_median,occ_mean_q25,occ_mean_q75,dur_mean_mean,dur_mean_median,dur_mean_q25,dur_mean_q75,dur_sum_mean,dur_sum_median,dur_sum_q25,dur_sum_q75,name
0,189.66185897435892,157.79166666666663,108.49999999999999,208.54166666666663,1.2532051282051282,1.0833333333333335,0.71875,1.6354166666666665,1.13568376068376,0.9392361111111105,0.6458333333333329,1.2413194444444438,27.25641025641024,22.541666666666654,15.499999999999991,29.79166666666665,Mon
1,193.7339743589743,177.62499999999994,120.38541666666663,271.39583333333326,1.2355769230769231,1.1666666666666665,0.9375,1.6041666666666667,1.1724091880341874,1.086805555555555,0.7786458333333329,1.615451388888888,28.137820512820497,26.08333333333332,18.68749999999999,38.770833333333314,Tue
2,177.56666666666663,138.24999999999997,115.49999999999997,214.08333333333331,1.2033333333333334,1.0,0.7083333333333334,1.625,1.0672222222222216,0.8229166666666662,0.6874999999999997,1.4131944444444438,25.613333333333323,19.74999999999999,16.499999999999993,33.91666666666665,Wed
3,187.49679487179486,198.62499999999994,101.79166666666666,243.24999999999994,1.2716346153846154,1.25,0.921875,1.6354166666666667,1.119791666666666,1.184027777777777,0.6059027777777775,1.4479166666666659,26.874999999999982,28.41666666666665,14.541666666666659,34.74999999999998,Thu
4,162.16666666666663,144.37499999999994,100.625,221.52083333333326,1.0825320512820513,0.9375,0.71875,1.4583333333333333,0.9767628205128199,0.8732638888888885,0.598958333333333,1.3185763888888882,23.44230769230768,20.95833333333332,14.374999999999993,31.645833333333314,Fri
5,163.86057692307688,133.29166666666663,96.10416666666664,205.77083333333331,1.0825320512820513,1.0,0.6354166666666666,1.4166666666666667,0.9855769230769226,0.881944444444444,0.5720486111111108,1.2282986111111105,23.65384615384614,21.166666666666654,13.729166666666659,29.47916666666665,Sat
6,182.80769230769226,184.62499999999994,119.72916666666664,232.45833333333326,1.2467948717948718,1.1875,0.96875,1.6041666666666667,1.1101762820512815,1.0989583333333326,0.7126736111111107,1.4131944444444438,26.644230769230756,26.374999999999986,17.104166666666657,33.91666666666665,Sun
