is_holiday,vol_sum_mean,vol_sum_median,vol_sum_q25,vol_sum_q75,vol_sum_count,occ_mean_mean,occ_mean_median,occ_mean_q25,occ_mean_q75,occ_mean_count,dur_mean_mean,dur_mean_median,dur_mean_q25,dur_mean_q75,dur_mean_count,dur_sum_mean,dur_sum_median,dur_sum_q25,dur_sum_q75,dur_sum_count
False,1509.981884057971,1542.333333333333,1230.5416666666665,1789.3749999999998,161,17.800336438923395,17.916666666666668,16.25,19.625,161,9.444767943409243,9.562499999999998,7.8333333333333295,11.204861111111107,161,226.67443064182186,229.49999999999994,187.99999999999991,268.9166666666666,161
True,1448.8541666666665,1482.1041666666665,1304.0416666666665,1564.0624999999998,20,17.5625,17.75,16.552083333333332,18.427083333333332,20,9.335763888888884,9.654513888888886,8.58159722222222,10.215277777777773,20,224.05833333333325,231.70833333333323,205.95833333333326,245.16666666666657,20
