dow,vol_sum_mean,vol_sum_median,vol_sum_q25,vol_sum_q75,occ_mean_mean,occ_mean_median,occ_mean_q25,occ_mean_q75,dur_mean_mean,dur_mean_median,dur_mean_q25,dur_mean_q75,dur_sum_mean,dur_sum_median,dur_sum_q25,dur_sum_q75,name
0,1489.3621794871794,1516.083333333333,1243.1562499999998,1868.7812499999998,17.934294871794872,18.333333333333332,16.0,20.302083333333332,9.338408119658116,9.454861111111107,7.824652777777775,11.58506944444444,224.12179487179478,226.91666666666657,187.7916666666666,278.0416666666665,Mon
1,1403.5560897435896,1496.6875,1178.6249999999998,1599.5,16.75,17.229166666666664,15.510416666666668,18.010416666666664,8.738514957264954,9.156249999999996,7.242187499999997,9.910590277777773,209.7243589743589,219.74999999999991,173.81249999999994,237.85416666666657,Tue
2,1353.1699999999996,1436.1666666666665,1099.583333333333,1726.6666666666665,16.625,17.208333333333332,15.041666666666666,18.208333333333332,8.440277777777773,8.98958333333333,6.798611111111107,10.430555555555552,202.56666666666658,215.74999999999991,163.16666666666657,250.33333333333326,Wed
3,1468.205128205128,1506.1666666666665,1337.2916666666665,1640.333333333333,17.403846153846153,17.75,16.4375,18.364583333333332,9.15117521367521,9.508680555555552,8.471354166666663,10.258680555555552,219.62820512820505,228.20833333333326,203.3124999999999,246.20833333333326,Thu
4,1556.120192307692,1524.1041666666665,1309.3645833333333,1815.8437499999995,18.18669871794872,18.052083333333332,16.947916666666668,19.375,9.76949786324786,9.696180555555554,8.45833333333333,11.173611111111107,234.46794871794862,232.70833333333326,202.99999999999991,268.1666666666666,Fri
5,1653.1554487179487,1691.083333333333,1415.0208333333333,1954.0937499999995,18.756410256410255,18.541666666666664,16.8125,20.864583333333336,10.48824786324786,10.902777777777775,8.948784722222218,12.198784722222216,251.71794871794862,261.6666666666666,214.77083333333323,292.7708333333332,Sat
6,1593.2516025641025,1588.270833333333,1401.6041666666665,1783.9062499999998,18.71794871794872,18.75,16.583333333333336,20.1875,10.064770299145295,9.94618055555555,8.548611111111107,11.595486111111104,241.5544871794871,238.7083333333332,205.16666666666657,278.2916666666665,Sun
