dow,vol_sum_mean,vol_sum_median,vol_sum_q25,vol_sum_q75,occ_mean_mean,occ_mean_median,occ_mean_q25,occ_mean_q75,dur_mean_mean,dur_mean_median,dur_mean_q25,dur_mean_q75,dur_sum_mean,dur_sum_median,dur_sum_q25,dur_sum_q75,name
0,1994.3942307692305,1963.7916666666665,1757.8749999999998,2302.8541666666665,48.99038461538461,48.85416666666667,46.604166666666664,52.26041666666667,11.871394230769228,11.689236111111107,10.463541666666664,13.707465277777775,284.9134615384615,280.5416666666666,251.12499999999994,328.97916666666663,Mon
1,1946.134615384615,1905.1666666666665,1695.020833333333,2226.0,48.86378205128205,49.10416666666667,45.625,52.1875,11.584134615384613,11.340277777777775,10.08940972222222,13.249999999999998,278.0192307692307,272.16666666666663,242.14583333333326,317.99999999999994,Tue
2,1922.97,2016.583333333333,1518.4166666666665,2339.75,48.82166666666667,49.791666666666664,46.333333333333336,52.208333333333336,11.446249999999997,12.003472222222221,9.038194444444443,13.92708333333333,274.71,288.0833333333333,216.91666666666663,334.24999999999994,Wed
3,1999.980769230769,2050.708333333333,1753.208333333333,2317.0,49.32932692307692,50.01041666666667,46.55208333333333,51.59375,11.904647435897433,12.206597222222221,10.435763888888886,13.791666666666664,285.7115384615384,292.95833333333326,250.45833333333326,330.99999999999994,Thu
4,1975.8173076923074,2037.2916666666665,1748.6874999999998,2179.1875,49.40865384615385,49.8125,46.145833333333336,52.90625,11.760817307692305,12.126736111111109,10.408854166666664,12.971354166666664,282.2596153846153,291.04166666666663,249.81249999999994,311.31249999999994,Fri
5,2128.987179487179,2185.166666666666,1895.1041666666663,2331.145833333333,49.40625,49.79166666666667,47.35416666666667,51.65625,12.672542735042732,13.006944444444443,11.280381944444443,13.875868055555554,304.1410256410256,312.16666666666663,270.72916666666663,333.02083333333326,Sat
6,2060.737179487179,2079.2916666666665,1767.5,2342.666666666666,49.28605769230769,50.45833333333333,46.916666666666664,52.177083333333336,12.266292735042732,12.376736111111109,10.52083333333333,13.944444444444443,294.3910256410256,297.04166666666663,252.49999999999994,334.66666666666663,Sun
