is_holiday,vol_sum_mean,vol_sum_median,vol_sum_q25,vol_sum_q75,vol_sum_count,occ_mean_mean,occ_mean_median,occ_mean_q25,occ_mean_q75,occ_mean_count,dur_mean_mean,dur_mean_median,dur_mean_q25,dur_mean_q75,dur_mean_count,dur_sum_mean,dur_sum_median,dur_sum_q25,dur_sum_q75,dur_sum_count
False,2004.3369565217388,2036.9999999999998,1745.333333333333,2334.5,161,49.250258799171846,49.833333333333336,46.541666666666664,52.25,161,11.930577122153206,12.124999999999998,10.388888888888888,13.89583333333333,161,286.333850931677,290.99999999999994,249.3333333333333,333.49999999999994,161
True,2006.6666666666665,1979.833333333333,1721.8541666666665,2238.5416666666665,20,48.43229166666667,48.0625,46.166666666666664,50.78125,20,11.944444444444443,11.78472222222222,10.249131944444443,13.324652777777777,20,286.66666666666663,282.83333333333326,245.97916666666663,319.79166666666663,20
