dow,vol_sum_mean,vol_sum_median,vol_sum_q25,vol_sum_q75,occ_mean_mean,occ_mean_median,occ_mean_q25,occ_mean_q75,dur_mean_mean,dur_mean_median,dur_mean_q25,dur_mean_q75,dur_sum_mean,dur_sum_median,dur_sum_q25,dur_sum_q75,name
0,1263.4326923076924,1321.5416666666665,999.8333333333333,1516.3749999999998,14.141025641025642,13.5625,11.65625,17.53125,8.488381410256409,8.739583333333332,6.800347222222221,10.013020833333332,203.7211538461538,209.74999999999997,163.20833333333331,240.31249999999994,Mon
1,1219.3910256410256,1225.145833333333,979.1979166666665,1451.114583333333,13.620192307692308,12.854166666666668,11.25,17.208333333333332,8.263888888888888,8.35763888888889,6.5529513888888875,9.703125,198.33333333333331,200.58333333333331,157.27083333333331,232.87499999999997,Tue
2,1212.1083333333333,1314.8333333333333,949.9583333333331,1511.9999999999998,13.911666666666667,13.541666666666666,10.916666666666666,17.458333333333332,8.148194444444444,8.569444444444443,6.715277777777776,9.999999999999998,195.55666666666664,205.66666666666663,161.16666666666663,239.99999999999994,Wed
3,1298.7692307692307,1310.1666666666665,1128.53125,1476.1249999999998,14.371794871794872,14.125,11.989583333333332,17.197916666666668,8.670272435897434,8.854166666666664,7.569444444444443,9.92013888888889,208.08653846153842,212.49999999999997,181.66666666666663,238.08333333333331,Thu
4,1382.5785256410256,1407.1458333333333,1243.3020833333333,1596.583333333333,14.857371794871796,13.9375,12.53125,17.927083333333332,9.172275641025639,9.652777777777777,8.241319444444443,10.387152777777775,220.13461538461536,231.66666666666663,197.79166666666663,249.29166666666663,Fri
5,1323.4823717948716,1387.3125,1157.2604166666665,1586.6666666666665,14.435897435897434,14.145833333333332,11.75,17.427083333333332,8.876201923076922,9.529513888888888,7.749131944444443,10.335937499999998,213.02884615384613,228.7083333333333,185.97916666666663,248.06249999999994,Sat
6,1283.7596153846155,1313.5208333333333,1052.1875,1489.03125,14.10576923076923,13.125,12.208333333333334,17.40625,8.580929487179485,8.817708333333332,7.334201388888888,10.029513888888888,205.94230769230765,211.62499999999994,176.02083333333331,240.7083333333333,Sun
